{
  "document_type": "page_01",
  "template_version": "v1",
  "identifiers": [
    "Solicitud de Seguro de Vida",
    "Datos Personales del Asegurado",
    "Datos Laborales del Asegurado"
  ],
  "canonical": {
    "width": 1654,
    "height": 2339
  },
  "text_fields": {
    "propuesta_numero": [
      0.812576,
      0.011529,
      0.93328,
      0.026935
    ],
    "asegurado_apellido_paterno": [
      0.049542,
      0.176151,
      0.221738,
      0.184992
    ],
    "asegurado_apellido_materno": [
      0.407777,
      0.176381,
      0.602647,
      0.185301
    ],
    "asegurado_nombres": [
      0.712213,
      0.174998,
      0.973312,
      0.185578
    ],
    "asegurado_fecha_nacimiento_dia": [
      0.093917,
      0.210455,
      0.137485,
      0.221035
    ],
    "asegurado_fecha_nacimiento_mes": [
      0.199516,
      0.210455,
      0.25556,
      0.221607
    ],
    "asegurado_fecha_nacimiento_anio": [
      0.336759,
      0.210169,
      0.437121,
      0.221893
    ],
    "asegurado_numero_documento": [
      0.463724,
      0.208739,
      0.536595,
      0.221893
    ],
    "asegurado_nacionalidad": [
      0.723817,
      0.241051,
      0.911848,
      0.253061
    ],
    "asegurado_direccion": [
      0.048783,
      0.291208,
      0.973571,
      0.301788
    ],
    "asegurado_telefono_casa": [
      0.048881,
      0.31401,
      0.25807,
      0.324569
    ],
    "asegurado_celular": [
      0.285973,
      0.314996,
      0.412455,
      0.325061
    ],
    "asegurado_correo": [
      0.516929,
      0.314996,
      0.913546,
      0.325748
    ],
    "laboral_centro_trabajo": [
      0.050722,
      0.389362,
      0.350376,
      0.410015
    ],
    "laboral_actividad_economica": [
      0.359402,
      0.388884,
      0.742742,
      0.411302
    ],
    "laboral_ingreso_monto": [
      0.860817,
      0.3914,
      0.946866,
      0.409015
    ],
    "laboral_profesion_detalle": [
      0.049537,
      0.424807,
      0.964943,
      0.438268
    ],
    "contratante_nombre": [
      0.707028,
      0.554497,
      0.971584,
      0.565666
    ],
    "contratante_doc": [
      0.452244,
      0.587289,
      0.561262,
      0.60439
    ],
    "contratante_vinculo": [
      0.05083,
      0.53273,
      0.376062,
      0.542361
    ],
    "contratante_razon_social": [
      0.400596,
      0.531987,
      0.969793,
      0.542608
    ],
    "contratante_apellido_paterno": [
      0.048834,
      0.554869,
      0.365054,
      0.565666
    ],
    "contratante_apellido_materno": [
      0.396432,
      0.555235,
      0.691057,
      0.565666
    ],
    "contratante_fecha_nacimiento_dia": [
      0.090051,
      0.590404,
      0.13787,
      0.605322
    ],
    "contratante_fecha_nacimiento_mes": [
      0.198987,
      0.589726,
      0.248349,
      0.605735
    ],
    "contratante_fecha_nacimiento_anio": [
      0.328157,
      0.590795,
      0.428157,
      0.605344
    ],
    "contratante_nacionalidad": [
      0.716142,
      0.619283,
      0.971694,
      0.638564
    ],
    "contratante_direccion": [
      0.046985,
      0.669283,
      0.975593,
      0.679839
    ],
    "contratante_telefono_casa": [
      0.047819,
      0.693743,
      0.259146,
      0.709752
    ],
    "contratante_celular": [
      0.282036,
      0.693743,
      0.494906,
      0.709507
    ],
    "contratante_correo": [
      0.51058,
      0.693952,
      0.970257,
      0.709507
    ],
    "contratante_laboral_centro_trabajo": [
      0.047824,
      0.774224,
      0.343793,
      0.799443
    ],
    "contratante_laboral_actividad_economica": [
      0.35375,
      0.773845,
      0.727052,
      0.799328
    ],
    "contratante_laboral_ingreso_monto": [
      0.863037,
      0.775809,
      0.962717,
      0.79767
    ],
    "contratante_laboral_profesion_detalle": [
      0.049012,
      0.813416,
      0.965021,
      0.83108
    ],
    "laboral_direccion": [
      0.050636,
      0.463566,
      0.968066,
      0.475554
    ],
    "laboral_telefono": [
      0.049594,
      0.48785,
      0.2798,
      0.499777
    ],
    "laboral_correo": [
      0.464675,
      0.488443,
      0.961031,
      0.499777
    ],
    "contratante_laboral_direccion": [
      0.048329,
      0.857469,
      0.967682,
      0.867982
    ],
    "contratante_laboral_telefono": [
      0.047474,
      0.881284,
      0.438662,
      0.895963
    ],
    "contratante_laboral_correo": [
      0.454483,
      0.881459,
      0.965372,
      0.895691
    ]
  },
  "signature_fields": {},
  "checkbox_groups": {
    "asegurado_tipo_documento": {
      "radius_norm": 0.008,
      "inner_radius_norm": 0.005,
      "mark_threshold": 0.15,
      "options": {
        "DNI": [
          0.573951,
          0.20404
        ],
        "RUC": [
          0.663415,
          0.201054
        ],
        "CE": [
          0.71875,
          0.200368
        ]
      }
    },
    "asegurado_sexo": {
      "radius_norm": 0.008,
      "inner_radius_norm": 0.005,
      "mark_threshold": 0.15,
      "options": {
        "Masculino": [
          0.832587,
          0.219434
        ],
        "Femenino": [
          0.94874,
          0.219434
        ]
      }
    },
    "asegurado_estado_civil": {
      "radius_norm": 0.008,
      "inner_radius_norm": 0.005,
      "mark_threshold": 0.15,
      "options": {
        "Soltero(a)": [
          0.131301,
          0.251352
        ],
        "Casado(a)": [
          0.234959,
          0.251676
        ],
        "Viudo(a)": [
          0.342109,
          0.250944
        ],
        "Divorciado(a)": [
          0.37464,
          0.257601
        ],
        "Conviviente": [
          0.603194,
          0.251318
        ]
      }
    },
    "asegurado_pep": {
      "radius_norm": 0.008,
      "inner_radius_norm": 0.005,
      "mark_threshold": 0.15,
      "options": {
        "Si": [
          0.075029,
          0.352795
        ],
        "No": [
          0.289533,
          0.352739
        ]
      }
    },
    "asegurado_sujeto_obligado": {
      "radius_norm": 0.008,
      "inner_radius_norm": 0.005,
      "mark_threshold": 0.15,
      "options": {
        "Si": [
          0.498548,
          0.35299
        ],
        "No": [
          0.546922,
          0.353242
        ]
      }
    },
    "contratante_tipo_documento": {
      "radius_norm": 0.008,
      "inner_radius_norm": 0.005,
      "mark_threshold": 0.15,
      "options": {
        "DNI": [
          0.566193,
          0.583945
        ],
        "CE": [
          0.710623,
          0.581556
        ],
        "RUC": [
          0.65547,
          0.580698
        ]
      }
    },
    "contratante_sexo": {
      "radius_norm": 0.008,
      "inner_radius_norm": 0.005,
      "mark_threshold": 0.15,
      "options": {
        "Masculino": [
          0.84309,
          0.599673
        ],
        "Femenino": [
          0.94971,
          0.599673
        ]
      }
    },
    "contratante_estado_civil": {
      "radius_norm": 0.008,
      "inner_radius_norm": 0.005,
      "mark_threshold": 0.15,
      "options": {
        "Soltero(a)": [
          0.130521,
          0.630243
        ],
        "Casado(a)": [
          0.23181,
          0.630104
        ],
        "Viudo(a)": [
          0.33529,
          0.63041
        ],
        "Divorciado(a)": [
          0.363656,
          0.637537
        ],
        "Conviviente": [
          0.593943,
          0.630556
        ]
      }
    },
    "contratante_pep": {
      "radius_norm": 0.008,
      "inner_radius_norm": 0.005,
      "mark_threshold": 0.15,
      "options": {
        "Si": [
          0.07564,
          0.737772
        ],
        "No": [
          0.288477,
          0.737459
        ]
      }
    },
    "contratante_sujeto_obligado": {
      "radius_norm": 0.008,
      "inner_radius_norm": 0.005,
      "mark_threshold": 0.15,