{
  "text_fields": {
    "estatura": [
      0.0018138018988238594,
      0.1008993361446286,
      0.10181380189882386,
      0.20089933614462863
    ],
    "peso": [
      0.17775258608473854,
      0.17913907561270928,
      0.2858202257805489,
      0.19485783474593962
    ],
    "cuanto_kg": [
      0.31560153039535205,
      0.17657383825310005,
      0.3976713428746871,
      0.19186505782639554
    ],
    "fuma_detalle": [
      0.5683245949648104,
      0.13724019873909235,
      0.6322563884559067,
      0.14782848315310426
    ],
    "drogas_fecha": [
      0.7158471494024845,
      0.19453049977036452,
      0.9236738935336073,
      0.2145246545029435
    ],
    "alcohol_detalle": [
      0.27993009305181626,
      0.006413093399022962,
      0.37993009305181624,
      0.10641309339902294
    ],
    "info_adicional_a_e": [
      0.18319399178121015,
      0.00513047471921841,
      0.2831939917812102,
      0.10513047471921841
    ],
    "salud_detalle_1": [
      0.1795663879835624,
      0.0025652373596092015,
      0.27956638798356237,
      0.10256523735960921
    ],
    "salud_detalle_2": [
      0.20798261773180293,
      0.003420316479478991,
      0.3079826177318029,
      0.10342031647947897
    ],
    "info_adicional_detalle_1": [
      0.7170563506683671,
      0.26507452715961755,
      0.9575315289783194,
      0.2802588618429293
    ],
    "estatura_cm": [
      0.04715884936942043,
      0.12398647238111143,
      0.14071607387463983,
      0.13713999415473258
    ],
    "peso_kg": [
      0.19347220254121203,
      0.12313139326124171,
      0.2543809928676019,
      0.13713999415473258
    ],
    "variacion_peso_cantidad": [
      0.5586509848377498,
      0.12441401194104632,
      0.6304425865570829,
      0.13713999415473258
    ],
    "variacion_peso_motivo": [
      0.6946861272495394,
      0.1227038537013068,
      0.9569269283453781,
      0.13671245459479772
    ],
    "test_!": [
      0.42971517642057533,
      0.024269550331927684,
      0.5990033536441358,
      0.053342240407498645
    ]
  },
  "checkbox_groups": {
    "variacion_peso": {
      "options": {
        "Opcion1": [
          0.6887803126918898,
          0.03579007139576636
        ],
        "Opcion2": [
          0.7862217183883613,
          0.0430582439146591
        ]
      },
      "radius_norm": 0.008
    },
    "aumento_disminucion": {
      "options": {
        "Opcion1": [
          0.07118700108639178,
          0.2649743225752578
        ],
        "Opcion2": [
          0.11027821076000188,
          0.2662569412550624
        ]
      },
      "radius_norm": 0.008
    },
    "fuma": {
      "options": {
        "Si": [
          0.3819517264182136,
          0.14740094359316935
        ],
        "No": [
          0.4454347928770488,
          0.14953864139284373
        ]
      },
      "radius_norm": 0.008
    },
    "drogas": {
      "options": {
        "Si": [
          0.3819517264182136,
          0.21409711494300865
        ],
        "No": [
          0.44603939350999006,
          0.21366957538307374
        ]
      },
      "radius_norm": 0.008
    },
    "alcohol": {
      "options": {
        "Si": [
          0.3851306031836002,
          0.22948853910066386
        ],
        "No": [
          0.44603939350999006,
          0.22948853910066386
        ]
      },
      "radius_norm": 0.008
    },
    "salud_pregunta_1": {
      "options": {
        "Si": [
          0.668532426432384,
          0.2778005093733038
        ],
        "No": [
          0.7007321335789523,
          0.27609035113356434
        ]
      },
      "radius_norm": 0.008
    },
    "salud_pregunta_2": {
      "options": {
        "Si": [
          0.6673232251665013,
          0.29703978957037286
        ],
        "No": [
          0.7005762599782722,
          0.30003256648991694
        ]
      },
      "radius_norm": 0.008
    },
    "salud_pregunta_3": {
      "options": {
        "Si": [
          0.66671862453356,
          0.3132862928478978
        ],
        "No": [
          0.7029946625100373,
          0.3132862928478978
        ]
      },
      "radius_norm": 0.008
    },
    "salud_pregunta_4": {
      "options": {
        "Si": [
          0.668532426432384,
          0.33466327084464115
        ],
        "No": [
          0.7005762599782722,
          0.3342357312847063
        ]
      },
      "radius_norm": 0.008
    },
    "salud_pregunta_5": {
      "options": {
        "Si": [
          0.66671862453356,
          0.3504822345622312
        ],
        "No": [
          0.700127532946011,
          0.35090977412216606
        ]
      },
      "radius_norm": 0.008
    },
    "salud_pregunta_6": {
      "options": {
        "Si": [
          0.6668744981342403,
          0.3667287378397562
        ],
        "No": [
          0.7013367342118937,
          0.3675838169596259
        ]
      },
      "radius_norm": 0.008
    },
    "variacion_peso_mayor_5kg": {
      "options": {
        "Si": [
          0.6579456804118842,
          0.11616750866352138
        ],
        "No": [
          0.7314108922582778,
          0.10550206671955242
        ]
      },
      "radius_norm": 0.008
    },
    "variacion_peso_tipo": {
      "options": {
        "Aumento": [
          0.3311652732511454,
          0.12217610955701225
        ],
        "Disminucion": [
          0.4067403523688064,
          0.12431380735668657
        ]
      },
      "radius_norm": 0.008
    }
  },
  "signature_fields": {}
}